Query,RunNumber,ExecutionTime_ms,Configuration,IndexStrategy,DataSetSize
query_1,1,141.816,Baseline,no_indexes,Medium
query_1,2,144.003,Baseline,no_indexes,Medium
query_1,3,140.93,Baseline,no_indexes,Medium
query_1,4,139.409,Baseline,no_indexes,Medium
query_1,5,138.979,Baseline,no_indexes,Medium
query_1,6,140.171,Baseline,no_indexes,Medium
query_1,7,143.057,Baseline,no_indexes,Medium
query_1,8,138.871,Baseline,no_indexes,Medium
query_1,9,142.519,Baseline,no_indexes,Medium
query_1,10,139.744,Baseline,no_indexes,Medium
query_1,11,139.506,Baseline,no_indexes,Medium
query_1,12,139.212,Baseline,no_indexes,Medium
query_1,13,142.001,Baseline,no_indexes,Medium
query_1,14,141.631,Baseline,no_indexes,Medium
query_1,15,139.785,Baseline,no_indexes,Medium
query_1,16,141.386,Baseline,no_indexes,Medium
query_1,17,141.816,Baseline,no_indexes,Medium
query_1,18,146.575,Baseline,no_indexes,Medium
query_1,19,147.214,Baseline,no_indexes,Medium
query_1,20,143.736,Baseline,no_indexes,Medium
query_1,21,138.712,Baseline,no_indexes,Medium
query_1,22,149.355,Baseline,no_indexes,Medium
query_1,23,138.307,Baseline,no_indexes,Medium
query_1,24,139.63,Baseline,no_indexes,Medium
query_1,25,147.345,Baseline,no_indexes,Medium
query_1,26,139.111,Baseline,no_indexes,Medium
query_1,27,148.296,Baseline,no_indexes,Medium
query_1,28,144.334,Baseline,no_indexes,Medium
query_1,29,142.773,Baseline,no_indexes,Medium
query_1,30,144.121,Baseline,no_indexes,Medium
query_2,1,8.394,Baseline,no_indexes,Medium
query_2,2,7.79,Baseline,no_indexes,Medium
query_2,3,8.431,Baseline,no_indexes,Medium
query_2,4,8.048,Baseline,no_indexes,Medium
query_2,5,8.038,Baseline,no_indexes,Medium
query_2,6,8.535,Baseline,no_indexes,Medium
query_2,7,8.259,Baseline,no_indexes,Medium
query_2,8,9.252,Baseline,no_indexes,Medium
query_2,9,9.122,Baseline,no_indexes,Medium
query_2,10,7.73,Baseline,no_indexes,Medium
query_2,11,8.491,Baseline,no_indexes,Medium
query_2,12,8.394,Baseline,no_indexes,Medium
query_2,13,9.228,Baseline,no_indexes,Medium
query_2,14,8.367,Baseline,no_indexes,Medium
query_2,15,8.738,Baseline,no_indexes,Medium
query_2,16,7.987,Baseline,no_indexes,Medium
query_2,17,7.879,Baseline,no_indexes,Medium
query_2,18,7.865,Baseline,no_indexes,Medium
query_2,19,8.385,Baseline,no_indexes,Medium
query_2,20,7.792,Baseline,no_indexes,Medium
query_2,21,8.891,Baseline,no_indexes,Medium
query_2,22,8.883,Baseline,no_indexes,Medium
query_2,23,7.714,Baseline,no_indexes,Medium
query_2,24,7.956,Baseline,no_indexes,Medium
query_2,25,7.536,Baseline,no_indexes,Medium
query_2,26,8.832,Baseline,no_indexes,Medium
query_2,27,9.707,Baseline,no_indexes,Medium
query_2,28,8.402,Baseline,no_indexes,Medium
query_2,29,8.717,Baseline,no_indexes,Medium
query_2,30,7.861,Baseline,no_indexes,Medium
query_3,1,21.674,Baseline,no_indexes,Medium
query_3,2,21.378,Baseline,no_indexes,Medium
query_3,3,21.422,Baseline,no_indexes,Medium
query_3,4,21.768,Baseline,no_indexes,Medium
query_3,5,21.27,Baseline,no_indexes,Medium
query_3,6,21.931,Baseline,no_indexes,Medium
query_3,7,21.889,Baseline,no_indexes,Medium
query_3,8,22.263,Baseline,no_indexes,Medium
query_3,9,21.521,Baseline,no_indexes,Medium
query_3,10,21.21,Baseline,no_indexes,Medium
query_3,11,21.123,Baseline,no_indexes,Medium
query_3,12,21.212,Baseline,no_indexes,Medium
query_3,13,22.045,Baseline,no_indexes,Medium
query_3,14,22.312,Baseline,no_indexes,Medium
query_3,15,21.825,Baseline,no_indexes,Medium
query_3,16,21.794,Baseline,no_indexes,Medium
query_3,17,21.692,Baseline,no_indexes,Medium
query_3,18,21.872,Baseline,no_indexes,Medium
query_3,19,21.605,Baseline,no_indexes,Medium
query_3,20,22.586,Baseline,no_indexes,Medium
query_3,21,21.991,Baseline,no_indexes,Medium
query_3,22,21.117,Baseline,no_indexes,Medium
query_3,23,21.284,Baseline,no_indexes,Medium
query_3,24,21.403,Baseline,no_indexes,Medium
query_3,25,21.674,Baseline,no_indexes,Medium
query_3,26,22.379,Baseline,no_indexes,Medium
query_3,27,21.656,Baseline,no_indexes,Medium
query_3,28,21.395,Baseline,no_indexes,Medium
query_3,29,21.886,Baseline,no_indexes,Medium
query_3,30,21.614,Baseline,no_indexes,Medium
query_4,1,223.305,Baseline,no_indexes,Medium
query_4,2,220.614,Baseline,no_indexes,Medium
query_4,3,217.335,Baseline,no_indexes,Medium
query_4,4,220.019,Baseline,no_indexes,Medium
query_4,5,222.487,Baseline,no_indexes,Medium
query_4,6,220.611,Baseline,no_indexes,Medium
query_4,7,219.232,Baseline,no_indexes,Medium
query_4,8,220.622,Baseline,no_indexes,Medium
query_4,9,219.224,Baseline,no_indexes,Medium
query_4,10,225.626,Baseline,no_indexes,Medium
query_4,11,229.549,Baseline,no_indexes,Medium
query_4,12,217.141,Baseline,no_indexes,Medium
query_4,13,218.528,Baseline,no_indexes,Medium
query_4,14,222.729,Baseline,no_indexes,Medium
query_4,15,219.899,Baseline,no_indexes,Medium
query_4,16,218.309,Baseline,no_indexes,Medium
query_4,17,231.119,Baseline,no_indexes,Medium
query_4,18,220.905,Baseline,no_indexes,Medium
query_4,19,218.577,Baseline,no_indexes,Medium
query_4,20,218.786,Baseline,no_indexes,Medium
query_4,21,220.611,Baseline,no_indexes,Medium
query_4,22,219.934,Baseline,no_indexes,Medium
query_4,23,223.504,Baseline,no_indexes,Medium
query_4,24,224.876,Baseline,no_indexes,Medium
query_4,25,217.926,Baseline,no_indexes,Medium
query_4,26,221.814,Baseline,no_indexes,Medium
query_4,27,220.422,Baseline,no_indexes,Medium
query_4,28,220.985,Baseline,no_indexes,Medium
query_4,29,216.717,Baseline,no_indexes,Medium
query_4,30,220.607,Baseline,no_indexes,Medium
query_5,1,8393.841,Baseline,no_indexes,Medium
query_5,2,8210.448,Baseline,no_indexes,Medium
query_5,3,8138.487,Baseline,no_indexes,Medium
query_5,4,8206.767,Baseline,no_indexes,Medium
query_5,5,8138.35,Baseline,no_indexes,Medium
query_5,6,8323.795,Baseline,no_indexes,Medium
query_5,7,8453.825,Baseline,no_indexes,Medium
query_5,8,8224.39,Baseline,no_indexes,Medium
query_5,9,8378.612,Baseline,no_indexes,Medium
query_5,10,8292.675,Baseline,no_indexes,Medium
query_5,11,8307.365,Baseline,no_indexes,Medium
query_5,12,8372.117,Baseline,no_indexes,Medium
query_5,13,8335.242,Baseline,no_indexes,Medium
query_5,14,8400.375,Baseline,no_indexes,Medium
query_5,15,8387.306,Baseline,no_indexes,Medium
query_5,16,8379.234,Baseline,no_indexes,Medium
query_5,17,8247.885,Baseline,no_indexes,Medium
query_5,18,8469.858,Baseline,no_indexes,Medium
query_5,19,8449.661,Baseline,no_indexes,Medium
query_5,20,8696.69,Baseline,no_indexes,Medium
query_5,21,8644.11,Baseline,no_indexes,Medium
query_5,22,8599.575,Baseline,no_indexes,Medium
query_5,23,8647.201,Baseline,no_indexes,Medium
query_5,24,8393.841,Baseline,no_indexes,Medium
query_5,25,8699.664,Baseline,no_indexes,Medium
query_5,26,8694.454,Baseline,no_indexes,Medium
query_5,27,8701.204,Baseline,no_indexes,Medium
query_5,28,8657.98,Baseline,no_indexes,Medium
query_5,29,8669.118,Baseline,no_indexes,Medium
query_5,30,8624.084,Baseline,no_indexes,Medium
query_6,1,6953.655,Baseline,no_indexes,Medium
query_6,2,7121.862,Baseline,no_indexes,Medium
query_6,3,6925.095,Baseline,no_indexes,Medium
query_6,4,6931.085,Baseline,no_indexes,Medium
query_6,5,6871.858,Baseline,no_indexes,Medium
query_6,6,6838.155,Baseline,no_indexes,Medium
query_6,7,6849.9,Baseline,no_indexes,Medium
query_6,8,6908.704,Baseline,no_indexes,Medium
query_6,9,6910.11,Baseline,no_indexes,Medium
query_6,10,7256.137,Baseline,no_indexes,Medium
query_6,11,7081.874,Baseline,no_indexes,Medium
query_6,12,7057.752,Baseline,no_indexes,Medium
query_6,13,7071.467,Baseline,no_indexes,Medium
query_6,14,7069.766,Baseline,no_indexes,Medium
query_6,15,7049.616,Baseline,no_indexes,Medium
query_6,16,7109.176,Baseline,no_indexes,Medium
query_6,17,7041.47,Baseline,no_indexes,Medium
query_6,18,7017.557,Baseline,no_indexes,Medium
query_6,19,7195.956,Baseline,no_indexes,Medium
query_6,20,7228.83,Baseline,no_indexes,Medium
query_6,21,7004.426,Baseline,no_indexes,Medium
query_6,22,7071.83,Baseline,no_indexes,Medium
query_6,23,7410.061,Baseline,no_indexes,Medium
query_6,24,7071.648,Baseline,no_indexes,Medium
query_6,25,7071.648,Baseline,no_indexes,Medium
query_6,26,7286.562,Baseline,no_indexes,Medium
query_6,27,7103.202,Baseline,no_indexes,Medium
query_6,28,7230.8,Baseline,no_indexes,Medium
query_6,29,7280.657,Baseline,no_indexes,Medium
query_6,30,7502.316,Baseline,no_indexes,Medium
query_7,1,8472.215,Baseline,no_indexes,Medium
query_7,2,8719.153,Baseline,no_indexes,Medium
query_7,3,8467.937,Baseline,no_indexes,Medium
query_7,4,8208.855,Baseline,no_indexes,Medium
query_7,5,8133.165,Baseline,no_indexes,Medium
query_7,6,8815.58,Baseline,no_indexes,Medium
query_7,7,8066.681,Baseline,no_indexes,Medium
query_7,8,9155.341,Baseline,no_indexes,Medium
query_7,9,9072.719,Baseline,no_indexes,Medium
query_7,10,9017.435,Baseline,no_indexes,Medium
query_7,11,8720.813,Baseline,no_indexes,Medium
query_7,12,8143.043,Baseline,no_indexes,Medium
query_7,13,8689.372,Baseline,no_indexes,Medium
query_7,14,8235.445,Baseline,no_indexes,Medium
query_7,15,8400.811,Baseline,no_indexes,Medium
query_7,16,8412.374,Baseline,no_indexes,Medium
query_7,17,9108.92,Baseline,no_indexes,Medium
query_7,18,9155.41,Baseline,no_indexes,Medium
query_7,19,8411.152,Baseline,no_indexes,Medium
query_7,20,8405.982,Baseline,no_indexes,Medium
query_7,21,8009.589,Baseline,no_indexes,Medium
query_7,22,7755.669,Baseline,no_indexes,Medium
query_7,23,7919.785,Baseline,no_indexes,Medium
query_7,24,8026.067,Baseline,no_indexes,Medium
query_7,25,8295.67,Baseline,no_indexes,Medium
query_7,26,7906.32,Baseline,no_indexes,Medium
query_7,27,7922.362,Baseline,no_indexes,Medium
query_7,28,7784.43,Baseline,no_indexes,Medium
query_7,29,8512.75,Baseline,no_indexes,Medium
query_7,30,8405.982,Baseline,no_indexes,Medium
query_1,1,123.725,Baseline,single_column_indexes,Medium
query_1,2,120.618,Baseline,single_column_indexes,Medium
query_1,3,119.323,Baseline,single_column_indexes,Medium
query_1,4,119.011,Baseline,single_column_indexes,Medium
query_1,5,118.273,Baseline,single_column_indexes,Medium
query_1,6,123.077,Baseline,single_column_indexes,Medium
query_1,7,119.115,Baseline,single_column_indexes,Medium
query_1,8,119.449,Baseline,single_column_indexes,Medium
query_1,9,120.432,Baseline,single_column_indexes,Medium
query_1,10,119.216,Baseline,single_column_indexes,Medium
query_1,11,119.301,Baseline,single_column_indexes,Medium
query_1,12,117.651,Baseline,single_column_indexes,Medium
query_1,13,122.453,Baseline,single_column_indexes,Medium
query_1,14,117.021,Baseline,single_column_indexes,Medium
query_1,15,116.913,Baseline,single_column_indexes,Medium
query_1,16,122.376,Baseline,single_column_indexes,Medium
query_1,17,117.28,Baseline,single_column_indexes,Medium
query_1,18,123.1,Baseline,single_column_indexes,Medium
query_1,19,119.736,Baseline,single_column_indexes,Medium
query_1,20,120.034,Baseline,single_column_indexes,Medium
query_1,21,119.837,Baseline,single_column_indexes,Medium
query_1,22,119.622,Baseline,single_column_indexes,Medium
query_1,23,119.508,Baseline,single_column_indexes,Medium
query_1,24,117.76,Baseline,single_column_indexes,Medium
query_1,25,119.323,Baseline,single_column_indexes,Medium
query_1,26,119.345,Baseline,single_column_indexes,Medium
query_1,27,117.727,Baseline,single_column_indexes,Medium
query_1,28,119.024,Baseline,single_column_indexes,Medium
query_1,29,116.938,Baseline,single_column_indexes,Medium
query_1,30,117.247,Baseline,single_column_indexes,Medium
query_2,1,6.892,Baseline,single_column_indexes,Medium
query_2,2,6.783,Baseline,single_column_indexes,Medium
query_2,3,7.652,Baseline,single_column_indexes,Medium
query_2,4,6.557,Baseline,single_column_indexes,Medium
query_2,5,6.949,Baseline,single_column_indexes,Medium
query_2,6,6.409,Baseline,single_column_indexes,Medium
query_2,7,8.003,Baseline,single_column_indexes,Medium
query_2,8,6.131,Baseline,single_column_indexes,Medium
query_2,9,6.453,Baseline,single_column_indexes,Medium
query_2,10,6.533,Baseline,single_column_indexes,Medium
query_2,11,8.041,Baseline,single_column_indexes,Medium
query_2,12,7.437,Baseline,single_column_indexes,Medium
query_2,13,6.818,Baseline,single_column_indexes,Medium
query_2,14,6.826,Baseline,single_column_indexes,Medium
query_2,15,7.349,Baseline,single_column_indexes,Medium
query_2,16,6.673,Baseline,single_column_indexes,Medium
query_2,17,6.599,Baseline,single_column_indexes,Medium
query_2,18,6.188,Baseline,single_column_indexes,Medium
query_2,19,6.687,Baseline,single_column_indexes,Medium
query_2,20,6.38,Baseline,single_column_indexes,Medium
query_2,21,6.345,Baseline,single_column_indexes,Medium
query_2,22,6.673,Baseline,single_column_indexes,Medium
query_2,23,6.703,Baseline,single_column_indexes,Medium
query_2,24,6.61,Baseline,single_column_indexes,Medium
query_2,25,6.755,Baseline,single_column_indexes,Medium
query_2,26,6.13,Baseline,single_column_indexes,Medium
query_2,27,6.395,Baseline,single_column_indexes,Medium
query_2,28,6.617,Baseline,single_column_indexes,Medium
query_2,29,6.658,Baseline,single_column_indexes,Medium
query_2,30,7.815,Baseline,single_column_indexes,Medium
query_3,1,22.036,Baseline,single_column_indexes,Medium
query_3,2,23.054,Baseline,single_column_indexes,Medium
query_3,3,23.764,Baseline,single_column_indexes,Medium
query_3,4,21.218,Baseline,single_column_indexes,Medium
query_3,5,22.769,Baseline,single_column_indexes,Medium
query_3,6,23.152,Baseline,single_column_indexes,Medium
query_3,7,23.148,Baseline,single_column_indexes,Medium
query_3,8,22.928,Baseline,single_column_indexes,Medium
query_3,9,22.92,Baseline,single_column_indexes,Medium
query_3,10,22.69,Baseline,single_column_indexes,Medium
query_3,11,22.758,Baseline,single_column_indexes,Medium
query_3,12,23.646,Baseline,single_column_indexes,Medium
query_3,13,21.439,Baseline,single_column_indexes,Medium
query_3,14,22.769,Baseline,single_column_indexes,Medium
query_3,15,20.904,Baseline,single_column_indexes,Medium
query_3,16,23.291,Baseline,single_column_indexes,Medium
query_3,17,23.139,Baseline,single_column_indexes,Medium
query_3,18,23.584,Baseline,single_column_indexes,Medium
query_3,19,21.653,Baseline,single_column_indexes,Medium
query_3,20,22.15,Baseline,single_column_indexes,Medium
query_3,21,22.378,Baseline,single_column_indexes,Medium
query_3,22,21.549,Baseline,single_column_indexes,Medium
query_3,23,21.568,Baseline,single_column_indexes,Medium
query_3,24,22.78,Baseline,single_column_indexes,Medium
query_3,25,24.052,Baseline,single_column_indexes,Medium
query_3,26,20.955,Baseline,single_column_indexes,Medium
query_3,27,21.616,Baseline,single_column_indexes,Medium
query_3,28,22.154,Baseline,single_column_indexes,Medium
query_3,29,22.698,Baseline,single_column_indexes,Medium
query_3,30,23.477,Baseline,single_column_indexes,Medium
query_4,1,115.531,Baseline,single_column_indexes,Medium
query_4,2,116.444,Baseline,single_column_indexes,Medium
query_4,3,114.174,Baseline,single_column_indexes,Medium
query_4,4,114.621,Baseline,single_column_indexes,Medium
query_4,5,117.288,Baseline,single_column_indexes,Medium
query_4,6,115.45,Baseline,single_column_indexes,Medium
query_4,7,116.245,Baseline,single_column_indexes,Medium
query_4,8,115.48,Baseline,single_column_indexes,Medium
query_4,9,113.389,Baseline,single_column_indexes,Medium
query_4,10,115.025,Baseline,single_column_indexes,Medium
query_4,11,113.873,Baseline,single_column_indexes,Medium
query_4,12,114.257,Baseline,single_column_indexes,Medium
query_4,13,114.51,Baseline,single_column_indexes,Medium
query_4,14,113.884,Baseline,single_column_indexes,Medium
query_4,15,112.659,Baseline,single_column_indexes,Medium
query_4,16,112.008,Baseline,single_column_indexes,Medium
query_4,17,112.259,Baseline,single_column_indexes,Medium
query_4,18,114.399,Baseline,single_column_indexes,Medium
query_4,19,113.274,Baseline,single_column_indexes,Medium
query_4,20,112.553,Baseline,single_column_indexes,Medium
query_4,21,113.642,Baseline,single_column_indexes,Medium
query_4,22,113.368,Baseline,single_column_indexes,Medium
query_4,23,118.935,Baseline,single_column_indexes,Medium
query_4,24,115.527,Baseline,single_column_indexes,Medium
query_4,25,116.978,Baseline,single_column_indexes,Medium
query_4,26,115.884,Baseline,single_column_indexes,Medium
query_4,27,114.339,Baseline,single_column_indexes,Medium
query_4,28,122.674,Baseline,single_column_indexes,Medium
query_4,29,115.959,Baseline,single_column_indexes,Medium
query_4,30,114.51,Baseline,single_column_indexes,Medium
query_5,1,9004.377,Baseline,single_column_indexes,Medium
query_5,2,8334.508,Baseline,single_column_indexes,Medium
query_5,3,8946.715,Baseline,single_column_indexes,Medium
query_5,4,8832.255,Baseline,single_column_indexes,Medium
query_5,5,8899.908,Baseline,single_column_indexes,Medium
query_5,6,8832.871,Baseline,single_column_indexes,Medium
query_5,7,8926.133,Baseline,single_column_indexes,Medium
query_5,8,8124.367,Baseline,single_column_indexes,Medium
query_5,9,8049.638,Baseline,single_column_indexes,Medium
query_5,10,8048.078,Baseline,single_column_indexes,Medium
query_5,11,8302.101,Baseline,single_column_indexes,Medium
query_5,12,8735.827,Baseline,single_column_indexes,Medium
query_5,13,8368.025,Baseline,single_column_indexes,Medium
query_5,14,8334.508,Baseline,single_column_indexes,Medium
query_5,15,8239.8,Baseline,single_column_indexes,Medium
query_5,16,8518.818,Baseline,single_column_indexes,Medium
query_5,17,8335.444,Baseline,single_column_indexes,Medium
query_5,18,8350.017,Baseline,single_column_indexes,Medium
query_5,19,8079.753,Baseline,single_column_indexes,Medium
query_5,20,8333.572,Baseline,single_column_indexes,Medium
query_5,21,8428.857,Baseline,single_column_indexes,Medium
query_5,22,8084.956,Baseline,single_column_indexes,Medium
query_5,23,8159.062,Baseline,single_column_indexes,Medium
query_5,24,7945.15,Baseline,single_column_indexes,Medium
query_5,25,7934.517,Baseline,single_column_indexes,Medium
query_5,26,8326.676,Baseline,single_column_indexes,Medium
query_5,27,8350.973,Baseline,single_column_indexes,Medium
query_5,28,8031.461,Baseline,single_column_indexes,Medium
query_5,29,7815.72,Baseline,single_column_indexes,Medium
query_5,30,7932.011,Baseline,single_column_indexes,Medium
query_6,1,6043.767,Baseline,single_column_indexes,Medium
query_6,2,6026.473,Baseline,single_column_indexes,Medium
query_6,3,6227.704,Baseline,single_column_indexes,Medium
query_6,4,6300.05,Baseline,single_column_indexes,Medium
query_6,5,6397.64,Baseline,single_column_indexes,Medium
query_6,6,6365.309,Baseline,single_column_indexes,Medium
query_6,7,6332.592,Baseline,single_column_indexes,Medium
query_6,8,6308.243,Baseline,single_column_indexes,Medium
query_6,9,6285.879,Baseline,single_column_indexes,Medium
query_6,10,6319.323,Baseline,single_column_indexes,Medium
query_6,11,6379.921,Baseline,single_column_indexes,Medium
query_6,12,6326.7,Baseline,single_column_indexes,Medium
query_6,13,6324.929,Baseline,single_column_indexes,Medium
query_6,14,6447.359,Baseline,single_column_indexes,Medium
query_6,15,6367.671,Baseline,single_column_indexes,Medium
query_6,16,6431.894,Baseline,single_column_indexes,Medium
query_6,17,6446.874,Baseline,single_column_indexes,Medium
query_6,18,6440.665,Baseline,single_column_indexes,Medium
query_6,19,6378.965,Baseline,single_column_indexes,Medium
query_6,20,6373.381,Baseline,single_column_indexes,Medium
query_6,21,6336.446,Baseline,single_column_indexes,Medium
query_6,22,6668.472,Baseline,single_column_indexes,Medium
query_6,23,6332.148,Baseline,single_column_indexes,Medium
query_6,24,6332.148,Baseline,single_column_indexes,Medium
query_6,25,6331.704,Baseline,single_column_indexes,Medium
query_6,26,6166.77,Baseline,single_column_indexes,Medium
query_6,27,6180.444,Baseline,single_column_indexes,Medium
query_6,28,6147.076,Baseline,single_column_indexes,Medium
query_6,29,6174.431,Baseline,single_column_indexes,Medium
query_6,30,6145.295,Baseline,single_column_indexes,Medium
query_7,1,7604.208,Baseline,single_column_indexes,Medium
query_7,2,7205.684,Baseline,single_column_indexes,Medium
query_7,3,6821.093,Baseline,single_column_indexes,Medium
query_7,4,7911.285,Baseline,single_column_indexes,Medium
query_7,5,7572.134,Baseline,single_column_indexes,Medium
query_7,6,6821.093,Baseline,single_column_indexes,Medium
query_7,7,6575.724,Baseline,single_column_indexes,Medium
query_7,8,6211.607,Baseline,single_column_indexes,Medium
query_7,9,6197.796,Baseline,single_column_indexes,Medium
query_7,10,6849.29,Baseline,single_column_indexes,Medium
query_7,11,7046.65,Baseline,single_column_indexes,Medium
query_7,12,6563.772,Baseline,single_column_indexes,Medium
query_7,13,7262.193,Baseline,single_column_indexes,Medium
query_7,14,6539.437,Baseline,single_column_indexes,Medium
query_7,15,6792.895,Baseline,single_column_indexes,Medium
query_7,16,6896.127,Baseline,single_column_indexes,Medium
query_7,17,6271.661,Baseline,single_column_indexes,Medium
query_7,18,7145.455,Baseline,single_column_indexes,Medium
query_7,19,7555.426,Baseline,single_column_indexes,Medium
query_7,20,6088.381,Baseline,single_column_indexes,Medium
query_7,21,7110.094,Baseline,single_column_indexes,Medium
query_7,22,7777.901,Baseline,single_column_indexes,Medium
query_7,23,6205.598,Baseline,single_column_indexes,Medium
query_7,24,6277.124,Baseline,single_column_indexes,Medium
query_7,25,6302.037,Baseline,single_column_indexes,Medium
query_7,26,6454.469,Baseline,single_column_indexes,Medium
query_7,27,6983.094,Baseline,single_column_indexes,Medium
query_7,28,6258.51,Baseline,single_column_indexes,Medium
query_7,29,6153.197,Baseline,single_column_indexes,Medium
query_7,30,6285.7,Baseline,single_column_indexes,Medium
query_1,1,131.022,Baseline,composite_indexes,Medium
query_1,2,140.472,Baseline,composite_indexes,Medium
query_1,3,132.624,Baseline,composite_indexes,Medium
query_1,4,132.624,Baseline,composite_indexes,Medium
query_1,5,132.894,Baseline,composite_indexes,Medium
query_1,6,131.988,Baseline,composite_indexes,Medium
query_1,7,131.318,Baseline,composite_indexes,Medium
query_1,8,134.911,Baseline,composite_indexes,Medium
query_1,9,131.883,Baseline,composite_indexes,Medium
query_1,10,130.952,Baseline,composite_indexes,Medium
query_1,11,131.569,Baseline,composite_indexes,Medium
query_1,12,132.586,Baseline,composite_indexes,Medium
query_1,13,132.731,Baseline,composite_indexes,Medium
query_1,14,133.063,Baseline,composite_indexes,Medium
query_1,15,132.239,Baseline,composite_indexes,Medium
query_1,16,131.967,Baseline,composite_indexes,Medium
query_1,17,131.374,Baseline,composite_indexes,Medium
query_1,18,132.26,Baseline,composite_indexes,Medium
query_1,19,131.718,Baseline,composite_indexes,Medium
query_1,20,133.952,Baseline,composite_indexes,Medium
query_1,21,133.625,Baseline,composite_indexes,Medium
query_1,22,131.656,Baseline,composite_indexes,Medium
query_1,23,135.176,Baseline,composite_indexes,Medium
query_1,24,134.842,Baseline,composite_indexes,Medium
query_1,25,131.373,Baseline,composite_indexes,Medium
query_1,26,133.581,Baseline,composite_indexes,Medium
query_1,27,133.288,Baseline,composite_indexes,Medium
query_1,28,131.692,Baseline,composite_indexes,Medium
query_1,29,134.039,Baseline,composite_indexes,Medium
query_1,30,132.661,Baseline,composite_indexes,Medium
query_2,1,6.908,Baseline,composite_indexes,Medium
query_2,2,6.532,Baseline,composite_indexes,Medium
query_2,3,7.046,Baseline,composite_indexes,Medium
query_2,4,6.607,Baseline,composite_indexes,Medium
query_2,5,6.702,Baseline,composite_indexes,Medium
query_2,6,6.68,Baseline,composite_indexes,Medium
query_2,7,7.155,Baseline,composite_indexes,Medium
query_2,8,7.128,Baseline,composite_indexes,Medium
query_2,9,7.015,Baseline,composite_indexes,Medium
query_2,10,6.997,Baseline,composite_indexes,Medium
query_2,11,7.364,Baseline,composite_indexes,Medium
query_2,12,6.784,Baseline,composite_indexes,Medium
query_2,13,6.978,Baseline,composite_indexes,Medium
query_2,14,6.779,Baseline,composite_indexes,Medium
query_2,15,6.908,Baseline,composite_indexes,Medium
query_2,16,7.289,Baseline,composite_indexes,Medium
query_2,17,6.867,Baseline,composite_indexes,Medium
query_2,18,7.241,Baseline,composite_indexes,Medium
query_2,19,6.64,Baseline,composite_indexes,Medium
query_2,20,7.019,Baseline,composite_indexes,Medium
query_2,21,6.709,Baseline,composite_indexes,Medium
query_2,22,7.24,Baseline,composite_indexes,Medium
query_2,23,6.581,Baseline,composite_indexes,Medium
query_2,24,6.569,Baseline,composite_indexes,Medium
query_2,25,6.948,Baseline,composite_indexes,Medium
query_2,26,6.826,Baseline,composite_indexes,Medium
query_2,27,6.535,Baseline,composite_indexes,Medium
query_2,28,6.635,Baseline,composite_indexes,Medium
query_2,29,7.058,Baseline,composite_indexes,Medium
query_2,30,6.623,Baseline,composite_indexes,Medium
query_3,1,20.441,Baseline,composite_indexes,Medium
query_3,2,20.846,Baseline,composite_indexes,Medium
query_3,3,20.499,Baseline,composite_indexes,Medium
query_3,4,21.399,Baseline,composite_indexes,Medium
query_3,5,20.548,Baseline,composite_indexes,Medium
query_3,6,21.319,Baseline,composite_indexes,Medium
query_3,7,20.866,Baseline,composite_indexes,Medium
query_3,8,20.606,Baseline,composite_indexes,Medium
query_3,9,20.378,Baseline,composite_indexes,Medium
query_3,10,20.347,Baseline,composite_indexes,Medium
query_3,11,20.934,Baseline,composite_indexes,Medium
query_3,12,21.381,Baseline,composite_indexes,Medium
query_3,13,20.856,Baseline,composite_indexes,Medium
query_3,14,20.778,Baseline,composite_indexes,Medium
query_3,15,20.91,Baseline,composite_indexes,Medium
query_3,16,20.872,Baseline,composite_indexes,Medium
query_3,17,20.907,Baseline,composite_indexes,Medium
query_3,18,20.667,Baseline,composite_indexes,Medium
query_3,19,21.045,Baseline,composite_indexes,Medium
query_3,20,20.856,Baseline,composite_indexes,Medium
query_3,21,21.269,Baseline,composite_indexes,Medium
query_3,22,20.491,Baseline,composite_indexes,Medium
query_3,23,20.777,Baseline,composite_indexes,Medium
query_3,24,21.098,Baseline,composite_indexes,Medium
query_3,25,21.226,Baseline,composite_indexes,Medium
query_3,26,21.193,Baseline,composite_indexes,Medium
query_3,27,20.686,Baseline,composite_indexes,Medium
query_3,28,20.873,Baseline,composite_indexes,Medium
query_3,29,20.201,Baseline,composite_indexes,Medium
query_3,30,20.353,Baseline,composite_indexes,Medium
query_4,1,43.716,Baseline,composite_indexes,Medium
query_4,2,44.716,Baseline,composite_indexes,Medium
query_4,3,44.455,Baseline,composite_indexes,Medium
query_4,4,44.84,Baseline,composite_indexes,Medium
query_4,5,44.027,Baseline,composite_indexes,Medium
query_4,6,44.121,Baseline,composite_indexes,Medium
query_4,7,44.716,Baseline,composite_indexes,Medium
query_4,8,44.819,Baseline,composite_indexes,Medium
query_4,9,44.717,Baseline,composite_indexes,Medium
query_4,10,44.454,Baseline,composite_indexes,Medium
query_4,11,44.369,Baseline,composite_indexes,Medium
query_4,12,44.47,Baseline,composite_indexes,Medium
query_4,13,44.946,Baseline,composite_indexes,Medium
query_4,14,44.535,Baseline,composite_indexes,Medium
query_4,15,44.26,Baseline,composite_indexes,Medium
query_4,16,44.315,Baseline,composite_indexes,Medium
query_4,17,45.17,Baseline,composite_indexes,Medium
query_4,18,45.315,Baseline,composite_indexes,Medium
query_4,19,44.724,Baseline,composite_indexes,Medium
query_4,20,45.493,Baseline,composite_indexes,Medium
query_4,21,44.931,Baseline,composite_indexes,Medium
query_4,22,43.594,Baseline,composite_indexes,Medium
query_4,23,44.376,Baseline,composite_indexes,Medium
query_4,24,44.51,Baseline,composite_indexes,Medium
query_4,25,45.239,Baseline,composite_indexes,Medium
query_4,26,45.988,Baseline,composite_indexes,Medium
query_4,27,44.716,Baseline,composite_indexes,Medium
query_4,28,44.506,Baseline,composite_indexes,Medium
query_4,29,46.028,Baseline,composite_indexes,Medium
query_4,30,44.755,Baseline,composite_indexes,Medium
query_5,1,8131.141,Baseline,composite_indexes,Medium
query_5,2,8177.385,Baseline,composite_indexes,Medium
query_5,3,8062.513,Baseline,composite_indexes,Medium
query_5,4,8058.628,Baseline,composite_indexes,Medium
query_5,5,7987.954,Baseline,composite_indexes,Medium
query_5,6,8171.87,Baseline,composite_indexes,Medium
query_5,7,7996.733,Baseline,composite_indexes,Medium
query_5,8,8112.904,Baseline,composite_indexes,Medium
query_5,9,8056.326,Baseline,composite_indexes,Medium
query_5,10,8129.406,Baseline,composite_indexes,Medium
query_5,11,8129.106,Baseline,composite_indexes,Medium
query_5,12,8151.13,Baseline,composite_indexes,Medium
query_5,13,8102.232,Baseline,composite_indexes,Medium
query_5,14,8030.228,Baseline,composite_indexes,Medium
query_5,15,8135.809,Baseline,composite_indexes,Medium
query_5,16,8104.873,Baseline,composite_indexes,Medium
query_5,17,8122.32,Baseline,composite_indexes,Medium
query_5,18,8095.062,Baseline,composite_indexes,Medium
query_5,19,8093.247,Baseline,composite_indexes,Medium
query_5,20,8152.312,Baseline,composite_indexes,Medium
query_5,21,8110.13,Baseline,composite_indexes,Medium
query_5,22,8083.492,Baseline,composite_indexes,Medium
query_5,23,8099.591,Baseline,composite_indexes,Medium
query_5,24,8087.634,Baseline,composite_indexes,Medium
query_5,25,8102.232,Baseline,composite_indexes,Medium
query_5,26,8066.694,Baseline,composite_indexes,Medium
query_5,27,8090.461,Baseline,composite_indexes,Medium
query_5,28,8137.133,Baseline,composite_indexes,Medium
query_5,29,8181.481,Baseline,composite_indexes,Medium
query_5,30,8059.175,Baseline,composite_indexes,Medium
query_6,1,6220.268,Baseline,composite_indexes,Medium
query_6,2,6248.119,Baseline,composite_indexes,Medium
query_6,3,6259.046,Baseline,composite_indexes,Medium
query_6,4,6228.758,Baseline,composite_indexes,Medium
query_6,5,6224.435,Baseline,composite_indexes,Medium
query_6,6,6261.243,Baseline,composite_indexes,Medium
query_6,7,6242.441,Baseline,composite_indexes,Medium
query_6,8,6291.373,Baseline,composite_indexes,Medium
query_6,9,6187.735,Baseline,composite_indexes,Medium
query_6,10,6210.512,Baseline,composite_indexes,Medium
query_6,11,6184.979,Baseline,composite_indexes,Medium
query_6,12,6206.543,Baseline,composite_indexes,Medium
query_6,13,6181.829,Baseline,composite_indexes,Medium
query_6,14,6149.317,Baseline,composite_indexes,Medium
query_6,15,6183.493,Baseline,composite_indexes,Medium
query_6,16,6224.229,Baseline,composite_indexes,Medium
query_6,17,6200.289,Baseline,composite_indexes,Medium
query_6,18,6249.487,Baseline,composite_indexes,Medium
query_6,19,6214.058,Baseline,composite_indexes,Medium
query_6,20,6219.939,Baseline,composite_indexes,Medium
query_6,21,6235.068,Baseline,composite_indexes,Medium
query_6,22,6205.943,Baseline,composite_indexes,Medium
query_6,23,6248.4,Baseline,composite_indexes,Medium
query_6,24,6220.597,Baseline,composite_indexes,Medium
query_6,25,6239.414,Baseline,composite_indexes,Medium
query_6,26,6161.009,Baseline,composite_indexes,Medium
query_6,27,6217.554,Baseline,composite_indexes,Medium
query_6,28,6210.349,Baseline,composite_indexes,Medium
query_6,29,6394.483,Baseline,composite_indexes,Medium
query_6,30,6220.268,Baseline,composite_indexes,Medium
query_7,1,6478.387,Baseline,composite_indexes,Medium
query_7,2,6807.359,Baseline,composite_indexes,Medium
query_7,3,6478.387,Baseline,composite_indexes,Medium
query_7,4,6481.498,Baseline,composite_indexes,Medium
query_7,5,6478.862,Baseline,composite_indexes,Medium
query_7,6,6389.303,Baseline,composite_indexes,Medium
query_7,7,6392.28,Baseline,composite_indexes,Medium
query_7,8,6536.377,Baseline,composite_indexes,Medium
query_7,9,6822.498,Baseline,composite_indexes,Medium
query_7,10,7009.411,Baseline,composite_indexes,Medium
query_7,11,7345.143,Baseline,composite_indexes,Medium
query_7,12,6125.855,Baseline,composite_indexes,Medium
query_7,13,6174.869,Baseline,composite_indexes,Medium
query_7,14,6493.076,Baseline,composite_indexes,Medium
query_7,15,6244.808,Baseline,composite_indexes,Medium
query_7,16,6218.755,Baseline,composite_indexes,Medium
query_7,17,6257.248,Baseline,composite_indexes,Medium
query_7,18,6247.881,Baseline,composite_indexes,Medium
query_7,19,6792.951,Baseline,composite_indexes,Medium
query_7,20,6885.108,Baseline,composite_indexes,Medium
query_7,21,6500.443,Baseline,composite_indexes,Medium
query_7,22,6592.946,Baseline,composite_indexes,Medium
query_7,23,6432.084,Baseline,composite_indexes,Medium
query_7,24,6382.065,Baseline,composite_indexes,Medium
query_7,25,6477.911,Baseline,composite_indexes,Medium
query_7,26,6095.623,Baseline,composite_indexes,Medium
query_7,27,6350.745,Baseline,composite_indexes,Medium
query_7,28,6129.931,Baseline,composite_indexes,Medium
query_7,29,6539.135,Baseline,composite_indexes,Medium
query_7,30,6345.813,Baseline,composite_indexes,Medium
query_1,1,131.705,Baseline,partial_indexes,Medium
query_1,2,130.673,Baseline,partial_indexes,Medium
query_1,3,131.375,Baseline,partial_indexes,Medium
query_1,4,132.349,Baseline,partial_indexes,Medium
query_1,5,132.856,Baseline,partial_indexes,Medium
query_1,6,131.749,Baseline,partial_indexes,Medium
query_1,7,132.388,Baseline,partial_indexes,Medium
query_1,8,132.368,Baseline,partial_indexes,Medium
query_1,9,132.504,Baseline,partial_indexes,Medium
query_1,10,131.062,Baseline,partial_indexes,Medium
query_1,11,134.134,Baseline,partial_indexes,Medium
query_1,12,134.432,Baseline,partial_indexes,Medium
query_1,13,133.225,Baseline,partial_indexes,Medium
query_1,14,131.136,Baseline,partial_indexes,Medium
query_1,15,131.648,Baseline,partial_indexes,Medium
query_1,16,131.574,Baseline,partial_indexes,Medium
query_1,17,131.19,Baseline,partial_indexes,Medium
query_1,18,132.401,Baseline,partial_indexes,Medium
query_1,19,132.055,Baseline,partial_indexes,Medium
query_1,20,131.75,Baseline,partial_indexes,Medium
query_1,21,131.936,Baseline,partial_indexes,Medium
query_1,22,132.368,Baseline,partial_indexes,Medium
query_1,23,136.653,Baseline,partial_indexes,Medium
query_1,24,134.026,Baseline,partial_indexes,Medium
query_1,25,131.164,Baseline,partial_indexes,Medium
query_1,26,133.088,Baseline,partial_indexes,Medium
query_1,27,133.45,Baseline,partial_indexes,Medium
query_1,28,132.958,Baseline,partial_indexes,Medium
query_1,29,137.035,Baseline,partial_indexes,Medium
query_1,30,136.026,Baseline,partial_indexes,Medium
query_2,1,7.765,Baseline,partial_indexes,Medium
query_2,2,7.457,Baseline,partial_indexes,Medium
query_2,3,7.733,Baseline,partial_indexes,Medium
query_2,4,8.025,Baseline,partial_indexes,Medium
query_2,5,7.553,Baseline,partial_indexes,Medium
query_2,6,7.535,Baseline,partial_indexes,Medium
query_2,7,7.371,Baseline,partial_indexes,Medium
query_2,8,8.176,Baseline,partial_indexes,Medium
query_2,9,7.743,Baseline,partial_indexes,Medium
query_2,10,8.216,Baseline,partial_indexes,Medium
query_2,11,7.934,Baseline,partial_indexes,Medium
query_2,12,7.956,Baseline,partial_indexes,Medium
query_2,13,7.619,Baseline,partial_indexes,Medium
query_2,14,7.873,Baseline,partial_indexes,Medium
query_2,15,7.751,Baseline,partial_indexes,Medium
query_2,16,7.484,Baseline,partial_indexes,Medium
query_2,17,7.682,Baseline,partial_indexes,Medium
query_2,18,8.112,Baseline,partial_indexes,Medium
query_2,19,7.622,Baseline,partial_indexes,Medium
query_2,20,7.751,Baseline,partial_indexes,Medium
query_2,21,7.394,Baseline,partial_indexes,Medium
query_2,22,7.466,Baseline,partial_indexes,Medium
query_2,23,8.083,Baseline,partial_indexes,Medium
query_2,24,7.51,Baseline,partial_indexes,Medium
query_2,25,7.961,Baseline,partial_indexes,Medium
query_2,26,7.58,Baseline,partial_indexes,Medium
query_2,27,7.986,Baseline,partial_indexes,Medium
query_2,28,7.734,Baseline,partial_indexes,Medium
query_2,29,7.613,Baseline,partial_indexes,Medium
query_2,30,7.743,Baseline,partial_indexes,Medium
query_3,1,20.736,Baseline,partial_indexes,Medium
query_3,2,20.747,Baseline,partial_indexes,Medium
query_3,3,21.332,Baseline,partial_indexes,Medium
query_3,4,20.114,Baseline,partial_indexes,Medium
query_3,5,20.814,Baseline,partial_indexes,Medium
query_3,6,20.659,Baseline,partial_indexes,Medium
query_3,7,21.156,Baseline,partial_indexes,Medium
query_3,8,20.803,Baseline,partial_indexes,Medium
query_3,9,21.795,Baseline,partial_indexes,Medium
query_3,10,21.015,Baseline,partial_indexes,Medium
query_3,11,20.747,Baseline,partial_indexes,Medium
query_3,12,20.874,Baseline,partial_indexes,Medium
query_3,13,20.848,Baseline,partial_indexes,Medium
query_3,14,20.646,Baseline,partial_indexes,Medium
query_3,15,20.639,Baseline,partial_indexes,Medium
query_3,16,20.942,Baseline,partial_indexes,Medium
query_3,17,20.937,Baseline,partial_indexes,Medium
query_3,18,20.406,Baseline,partial_indexes,Medium
query_3,19,20.267,Baseline,partial_indexes,Medium
query_3,20,20.64,Baseline,partial_indexes,Medium
query_3,21,20.506,Baseline,partial_indexes,Medium
query_3,22,20.144,Baseline,partial_indexes,Medium
query_3,23,20.552,Baseline,partial_indexes,Medium
query_3,24,20.598,Baseline,partial_indexes,Medium
query_3,25,20.341,Baseline,partial_indexes,Medium
query_3,26,21.028,Baseline,partial_indexes,Medium
query_3,27,20.676,Baseline,partial_indexes,Medium
query_3,28,20.758,Baseline,partial_indexes,Medium
query_3,29,20.549,Baseline,partial_indexes,Medium
query_3,30,21.321,Baseline,partial_indexes,Medium
query_4,1,219.419,Baseline,partial_indexes,Medium
query_4,2,216.88,Baseline,partial_indexes,Medium
query_4,3,218.29,Baseline,partial_indexes,Medium
query_4,4,218.925,Baseline,partial_indexes,Medium
query_4,5,217.439,Baseline,partial_indexes,Medium
query_4,6,218.061,Baseline,partial_indexes,Medium
query_4,7,218.166,Baseline,partial_indexes,Medium
query_4,8,220.464,Baseline,partial_indexes,Medium
query_4,9,217.657,Baseline,partial_indexes,Medium
query_4,10,215.208,Baseline,partial_indexes,Medium
query_4,11,219.789,Baseline,partial_indexes,Medium
query_4,12,219.019,Baseline,partial_indexes,Medium
query_4,13,218.228,Baseline,partial_indexes,Medium
query_4,14,218.08,Baseline,partial_indexes,Medium
query_4,15,218.041,Baseline,partial_indexes,Medium
query_4,16,217.635,Baseline,partial_indexes,Medium
query_4,17,218.061,Baseline,partial_indexes,Medium
query_4,18,216.537,Baseline,partial_indexes,Medium
query_4,19,216.639,Baseline,partial_indexes,Medium
query_4,20,218.208,Baseline,partial_indexes,Medium
query_4,21,219.372,Baseline,partial_indexes,Medium
query_4,22,216.529,Baseline,partial_indexes,Medium
query_4,23,220.935,Baseline,partial_indexes,Medium
query_4,24,213.682,Baseline,partial_indexes,Medium
query_4,25,214.884,Baseline,partial_indexes,Medium
query_4,26,215.45,Baseline,partial_indexes,Medium
query_4,27,216.766,Baseline,partial_indexes,Medium
query_4,28,214.681,Baseline,partial_indexes,Medium
query_4,29,216.123,Baseline,partial_indexes,Medium
query_4,30,218.323,Baseline,partial_indexes,Medium
query_5,1,8100.292,Baseline,partial_indexes,Medium
query_5,2,8094.537,Baseline,partial_indexes,Medium
query_5,3,8213.362,Baseline,partial_indexes,Medium
query_5,4,8071.513,Baseline,partial_indexes,Medium
query_5,5,8161.243,Baseline,partial_indexes,Medium
query_5,6,8063.294,Baseline,partial_indexes,Medium
query_5,7,8069.507,Baseline,partial_indexes,Medium
query_5,8,8197.349,Baseline,partial_indexes,Medium
query_5,9,8156.157,Baseline,partial_indexes,Medium
query_5,10,8217.967,Baseline,partial_indexes,Medium
query_5,11,8120.022,Baseline,partial_indexes,Medium
query_5,12,8102.896,Baseline,partial_indexes,Medium
query_5,13,8080.379,Baseline,partial_indexes,Medium
query_5,14,8047.271,Baseline,partial_indexes,Medium
query_5,15,8077.916,Baseline,partial_indexes,Medium
query_5,16,8182.877,Baseline,partial_indexes,Medium
query_5,17,8070.273,Baseline,partial_indexes,Medium
query_5,18,8111.478,Baseline,partial_indexes,Medium
query_5,19,8156.757,Baseline,partial_indexes,Medium
query_5,20,8129.399,Baseline,partial_indexes,Medium
query_5,21,8049.144,Baseline,partial_indexes,Medium
query_5,22,8111.014,Baseline,partial_indexes,Medium
query_5,23,8106.955,Baseline,partial_indexes,Medium
query_5,24,8154.186,Baseline,partial_indexes,Medium
query_5,25,8091.79,Baseline,partial_indexes,Medium
query_5,26,8069.848,Baseline,partial_indexes,Medium
query_5,27,8115.558,Baseline,partial_indexes,Medium
query_5,28,8175.818,Baseline,partial_indexes,Medium
query_5,29,8106.955,Baseline,partial_indexes,Medium
query_5,30,8086.786,Baseline,partial_indexes,Medium
query_6,1,6173.872,Baseline,partial_indexes,Medium
query_6,2,6168.531,Baseline,partial_indexes,Medium
query_6,3,6172.087,Baseline,partial_indexes,Medium
query_6,4,6222.497,Baseline,partial_indexes,Medium
query_6,5,6148.092,Baseline,partial_indexes,Medium
query_6,6,6180.295,Baseline,partial_indexes,Medium
query_6,7,6237.304,Baseline,partial_indexes,Medium
query_6,8,6247.761,Baseline,partial_indexes,Medium
query_6,9,6219.368,Baseline,partial_indexes,Medium
query_6,10,6186.089,Baseline,partial_indexes,Medium
query_6,11,6172.751,Baseline,partial_indexes,Medium
query_6,12,6211.271,Baseline,partial_indexes,Medium
query_6,13,6188.073,Baseline,partial_indexes,Medium
query_6,14,6188.073,Baseline,partial_indexes,Medium
query_6,15,6166.325,Baseline,partial_indexes,Medium
query_6,16,6195.06,Baseline,partial_indexes,Medium
query_6,17,6184.004,Baseline,partial_indexes,Medium
query_6,18,6182.097,Baseline,partial_indexes,Medium
query_6,19,6163.314,Baseline,partial_indexes,Medium
query_6,20,6160.991,Baseline,partial_indexes,Medium
query_6,21,6160.441,Baseline,partial_indexes,Medium
query_6,22,6183.487,Baseline,partial_indexes,Medium
query_6,23,6211.366,Baseline,partial_indexes,Medium
query_6,24,6169.21,Baseline,partial_indexes,Medium
query_6,25,6190.057,Baseline,partial_indexes,Medium
query_6,26,6195.226,Baseline,partial_indexes,Medium
query_6,27,6218.286,Baseline,partial_indexes,Medium
query_6,28,6223.232,Baseline,partial_indexes,Medium
query_6,29,6224.744,Baseline,partial_indexes,Medium
query_6,30,6208.444,Baseline,partial_indexes,Medium
query_7,1,6102.027,Baseline,partial_indexes,Medium
query_7,2,6315.608,Baseline,partial_indexes,Medium
query_7,3,6010.455,Baseline,partial_indexes,Medium
query_7,4,5964.85,Baseline,partial_indexes,Medium
query_7,5,6586.295,Baseline,partial_indexes,Medium
query_7,6,6053.492,Baseline,partial_indexes,Medium
query_7,7,6094.839,Baseline,partial_indexes,Medium
query_7,8,6375.614,Baseline,partial_indexes,Medium
query_7,9,6155.732,Baseline,partial_indexes,Medium
query_7,10,5955.95,Baseline,partial_indexes,Medium
query_7,11,6047.25,Baseline,partial_indexes,Medium
query_7,12,5983.968,Baseline,partial_indexes,Medium
query_7,13,6441.647,Baseline,partial_indexes,Medium
query_7,14,6071.255,Baseline,partial_indexes,Medium
query_7,15,5910.599,Baseline,partial_indexes,Medium
query_7,16,6025.69,Baseline,partial_indexes,Medium
query_7,17,6247.106,Baseline,partial_indexes,Medium
query_7,18,6240.259,Baseline,partial_indexes,Medium
query_7,19,6186.863,Baseline,partial_indexes,Medium
query_7,20,6114.515,Baseline,partial_indexes,Medium
query_7,21,6460.628,Baseline,partial_indexes,Medium
query_7,22,6105.658,Baseline,partial_indexes,Medium
query_7,23,6187.775,Baseline,partial_indexes,Medium
query_7,24,6199.23,Baseline,partial_indexes,Medium
query_7,25,6114.515,Baseline,partial_indexes,Medium
query_7,26,6043.304,Baseline,partial_indexes,Medium
query_7,27,6527.734,Baseline,partial_indexes,Medium
query_7,28,6120.845,Baseline,partial_indexes,Medium
query_7,29,6108.185,Baseline,partial_indexes,Medium
query_7,30,6326.03,Baseline,partial_indexes,Medium
query_1,1,130.733,Baseline,expression_indexes,Medium
query_1,2,132.728,Baseline,expression_indexes,Medium
query_1,3,132.223,Baseline,expression_indexes,Medium
query_1,4,130.096,Baseline,expression_indexes,Medium
query_1,5,132.82,Baseline,expression_indexes,Medium
query_1,6,131.776,Baseline,expression_indexes,Medium
query_1,7,130.586,Baseline,expression_indexes,Medium
query_1,8,132.904,Baseline,expression_indexes,Medium
query_1,9,132.314,Baseline,expression_indexes,Medium
query_1,10,131.199,Baseline,expression_indexes,Medium
query_1,11,129.488,Baseline,expression_indexes,Medium
query_1,12,132.943,Baseline,expression_indexes,Medium
query_1,13,130.926,Baseline,expression_indexes,Medium
query_1,14,130.603,Baseline,expression_indexes,Medium
query_1,15,130.753,Baseline,expression_indexes,Medium
query_1,16,132.66,Baseline,expression_indexes,Medium
query_1,17,131.96,Baseline,expression_indexes,Medium
query_1,18,130.963,Baseline,expression_indexes,Medium
query_1,19,129.758,Baseline,expression_indexes,Medium
query_1,20,130.457,Baseline,expression_indexes,Medium
query_1,21,131.966,Baseline,expression_indexes,Medium
query_1,22,130.921,Baseline,expression_indexes,Medium
query_1,23,130.909,Baseline,expression_indexes,Medium
query_1,24,130.947,Baseline,expression_indexes,Medium
query_1,25,130.93,Baseline,expression_indexes,Medium
query_1,26,130.947,Baseline,expression_indexes,Medium
query_1,27,131.925,Baseline,expression_indexes,Medium
query_1,28,130.766,Baseline,expression_indexes,Medium
query_1,29,131.348,Baseline,expression_indexes,Medium
query_1,30,131.285,Baseline,expression_indexes,Medium
query_2,1,8.174,Baseline,expression_indexes,Medium
query_2,2,7.825,Baseline,expression_indexes,Medium
query_2,3,7.824,Baseline,expression_indexes,Medium
query_2,4,7.706,Baseline,expression_indexes,Medium
query_2,5,7.672,Baseline,expression_indexes,Medium
query_2,6,8.255,Baseline,expression_indexes,Medium
query_2,7,7.637,Baseline,expression_indexes,Medium
query_2,8,7.563,Baseline,expression_indexes,Medium
query_2,9,7.616,Baseline,expression_indexes,Medium
query_2,10,7.706,Baseline,expression_indexes,Medium
query_2,11,7.844,Baseline,expression_indexes,Medium
query_2,12,7.796,Baseline,expression_indexes,Medium
query_2,13,7.821,Baseline,expression_indexes,Medium
query_2,14,7.892,Baseline,expression_indexes,Medium
query_2,15,7.732,Baseline,expression_indexes,Medium
query_2,16,7.792,Baseline,expression_indexes,Medium
query_2,17,7.96,Baseline,expression_indexes,Medium
query_2,18,7.808,Baseline,expression_indexes,Medium
query_2,19,7.69,Baseline,expression_indexes,Medium
query_2,20,7.926,Baseline,expression_indexes,Medium
query_2,21,7.454,Baseline,expression_indexes,Medium
query_2,22,7.8,Baseline,expression_indexes,Medium
query_2,23,8.164,Baseline,expression_indexes,Medium
query_2,24,7.595,Baseline,expression_indexes,Medium
query_2,25,7.992,Baseline,expression_indexes,Medium
query_2,26,7.796,Baseline,expression_indexes,Medium
query_2,27,7.621,Baseline,expression_indexes,Medium
query_2,28,7.596,Baseline,expression_indexes,Medium
query_2,29,8.279,Baseline,expression_indexes,Medium
query_2,30,7.425,Baseline,expression_indexes,Medium
query_3,1,21.305,Baseline,expression_indexes,Medium
query_3,2,20.297,Baseline,expression_indexes,Medium
query_3,3,20.505,Baseline,expression_indexes,Medium
query_3,4,20.827,Baseline,expression_indexes,Medium
query_3,5,21.229,Baseline,expression_indexes,Medium
query_3,6,21.343,Baseline,expression_indexes,Medium
query_3,7,20.079,Baseline,expression_indexes,Medium
query_3,8,21.318,Baseline,expression_indexes,Medium
query_3,9,21.304,Baseline,expression_indexes,Medium
query_3,10,20.742,Baseline,expression_indexes,Medium
query_3,11,20.235,Baseline,expression_indexes,Medium
query_3,12,21.037,Baseline,expression_indexes,Medium
query_3,13,21.084,Baseline,expression_indexes,Medium
query_3,14,21.534,Baseline,expression_indexes,Medium
query_3,15,21.182,Baseline,expression_indexes,Medium
query_3,16,20.847,Baseline,expression_indexes,Medium
query_3,17,20.449,Baseline,expression_indexes,Medium
query_3,18,20.668,Baseline,expression_indexes,Medium
query_3,19,20.655,Baseline,expression_indexes,Medium
query_3,20,20.563,Baseline,expression_indexes,Medium
query_3,21,20.73,Baseline,expression_indexes,Medium
query_3,22,21.223,Baseline,expression_indexes,Medium
query_3,23,21.896,Baseline,expression_indexes,Medium
query_3,24,20.949,Baseline,expression_indexes,Medium
query_3,25,21.511,Baseline,expression_indexes,Medium
query_3,26,21.008,Baseline,expression_indexes,Medium
query_3,27,21.437,Baseline,expression_indexes,Medium
query_3,28,21.066,Baseline,expression_indexes,Medium
query_3,29,20.684,Baseline,expression_indexes,Medium
query_3,30,21.037,Baseline,expression_indexes,Medium
query_4,1,217.634,Baseline,expression_indexes,Medium
query_4,2,218.489,Baseline,expression_indexes,Medium
query_4,3,216.095,Baseline,expression_indexes,Medium
query_4,4,217.489,Baseline,expression_indexes,Medium
query_4,5,229.66,Baseline,expression_indexes,Medium
query_4,6,218.421,Baseline,expression_indexes,Medium
query_4,7,220.551,Baseline,expression_indexes,Medium
query_4,8,222.179,Baseline,expression_indexes,Medium
query_4,9,218.56,Baseline,expression_indexes,Medium
query_4,10,217.869,Baseline,expression_indexes,Medium
query_4,11,217.055,Baseline,expression_indexes,Medium
query_4,12,218.952,Baseline,expression_indexes,Medium
query_4,13,218.093,Baseline,expression_indexes,Medium
query_4,14,216.869,Baseline,expression_indexes,Medium
query_4,15,219.684,Baseline,expression_indexes,Medium
query_4,16,223.743,Baseline,expression_indexes,Medium
query_4,17,216.993,Baseline,expression_indexes,Medium
query_4,18,217.213,Baseline,expression_indexes,Medium
query_4,19,219.905,Baseline,expression_indexes,Medium
query_4,20,218.455,Baseline,expression_indexes,Medium
query_4,21,219.543,Baseline,expression_indexes,Medium
query_4,22,218.455,Baseline,expression_indexes,Medium
query_4,23,217.717,Baseline,expression_indexes,Medium
query_4,24,216.637,Baseline,expression_indexes,Medium
query_4,25,218.118,Baseline,expression_indexes,Medium
query_4,26,222.58,Baseline,expression_indexes,Medium
query_4,27,218.112,Baseline,expression_indexes,Medium
query_4,28,218.61,Baseline,expression_indexes,Medium
query_4,29,221.128,Baseline,expression_indexes,Medium
query_4,30,220.693,Baseline,expression_indexes,Medium
query_5,1,8019.807,Baseline,expression_indexes,Medium
query_5,2,8025.641,Baseline,expression_indexes,Medium
query_5,3,8057.641,Baseline,expression_indexes,Medium
query_5,4,8103.709,Baseline,expression_indexes,Medium
query_5,5,8086.236,Baseline,expression_indexes,Medium
query_5,6,7716.626,Baseline,expression_indexes,Medium
query_5,7,7998.245,Baseline,expression_indexes,Medium
query_5,8,8043.16,Baseline,expression_indexes,Medium
query_5,9,7966.33,Baseline,expression_indexes,Medium
query_5,10,8104.104,Baseline,expression_indexes,Medium
query_5,11,8114.518,Baseline,expression_indexes,Medium
query_5,12,8029.452,Baseline,expression_indexes,Medium
query_5,13,7700.571,Baseline,expression_indexes,Medium
query_5,14,7680.413,Baseline,expression_indexes,Medium
query_5,15,7721.587,Baseline,expression_indexes,Medium
query_5,16,7716.626,Baseline,expression_indexes,Medium
query_5,17,7634.119,Baseline,expression_indexes,Medium
query_5,18,7642.658,Baseline,expression_indexes,Medium
query_5,19,7664.656,Baseline,expression_indexes,Medium
query_5,20,7688.821,Baseline,expression_indexes,Medium
query_5,21,7732.635,Baseline,expression_indexes,Medium
query_5,22,7694.408,Baseline,expression_indexes,Medium
query_5,23,7683.257,Baseline,expression_indexes,Medium
query_5,24,7711.664,Baseline,expression_indexes,Medium
query_5,25,7688.726,Baseline,expression_indexes,Medium
query_5,26,7677.03,Baseline,expression_indexes,Medium
query_5,27,7752.418,Baseline,expression_indexes,Medium
query_5,28,7683.07,Baseline,expression_indexes,Medium
query_5,29,7682.599,Baseline,expression_indexes,Medium
query_5,30,7671.429,Baseline,expression_indexes,Medium
query_6,1,5751.738,Baseline,expression_indexes,Medium
query_6,2,5769.196,Baseline,expression_indexes,Medium
query_6,3,5805.43,Baseline,expression_indexes,Medium
query_6,4,5762.159,Baseline,expression_indexes,Medium
query_6,5,5810.446,Baseline,expression_indexes,Medium
query_6,6,5758.756,Baseline,expression_indexes,Medium
query_6,7,5770.753,Baseline,expression_indexes,Medium
query_6,8,5763.05,Baseline,expression_indexes,Medium
query_6,9,5758.503,Baseline,expression_indexes,Medium
query_6,10,5763.648,Baseline,expression_indexes,Medium
query_6,11,5766.295,Baseline,expression_indexes,Medium
query_6,12,5804.27,Baseline,expression_indexes,Medium
query_6,13,5786.815,Baseline,expression_indexes,Medium
query_6,14,5759.532,Baseline,expression_indexes,Medium
query_6,15,5749.582,Baseline,expression_indexes,Medium
query_6,16,5779.38,Baseline,expression_indexes,Medium
query_6,17,5772.821,Baseline,expression_indexes,Medium
query_6,18,5762.159,Baseline,expression_indexes,Medium
query_6,19,5746.431,Baseline,expression_indexes,Medium
query_6,20,5761.101,Baseline,expression_indexes,Medium
query_6,21,5761.267,Baseline,expression_indexes,Medium
query_6,22,5737.513,Baseline,expression_indexes,Medium
query_6,23,5760.3,Baseline,expression_indexes,Medium
query_6,24,5748.505,Baseline,expression_indexes,Medium
query_6,25,5760.789,Baseline,expression_indexes,Medium
query_6,26,5788.956,Baseline,expression_indexes,Medium
query_6,27,5755.822,Baseline,expression_indexes,Medium
query_6,28,5751.916,Baseline,expression_indexes,Medium
query_6,29,5768.478,Baseline,expression_indexes,Medium
query_6,30,5767.262,Baseline,expression_indexes,Medium
query_7,1,4954.825,Baseline,expression_indexes,Medium
query_7,2,5221.582,Baseline,expression_indexes,Medium
query_7,3,5260.742,Baseline,expression_indexes,Medium
query_7,4,5277.37,Baseline,expression_indexes,Medium
query_7,5,5211.309,Baseline,expression_indexes,Medium
query_7,6,5060.274,Baseline,expression_indexes,Medium
query_7,7,5244.168,Baseline,expression_indexes,Medium
query_7,8,5170.612,Baseline,expression_indexes,Medium
query_7,9,5187.161,Baseline,expression_indexes,Medium
query_7,10,5215.935,Baseline,expression_indexes,Medium
query_7,11,5259.03,Baseline,expression_indexes,Medium
query_7,12,5000.454,Baseline,expression_indexes,Medium
query_7,13,4986.3,Baseline,expression_indexes,Medium
query_7,14,5006.746,Baseline,expression_indexes,Medium
query_7,15,5053.742,Baseline,expression_indexes,Medium
query_7,16,5092.943,Baseline,expression_indexes,Medium
query_7,17,5315.167,Baseline,expression_indexes,Medium
query_7,18,5183.457,Baseline,expression_indexes,Medium
query_7,19,5015.261,Baseline,expression_indexes,Medium
query_7,20,5216.78,Baseline,expression_indexes,Medium
query_7,21,5064.905,Baseline,expression_indexes,Medium
query_7,22,4984.547,Baseline,expression_indexes,Medium
query_7,23,5194.816,Baseline,expression_indexes,Medium
query_7,24,5107.259,Baseline,expression_indexes,Medium
query_7,25,5097.512,Baseline,expression_indexes,Medium
query_7,26,5995.136,Baseline,expression_indexes,Medium
query_7,27,5190.988,Baseline,expression_indexes,Medium
query_7,28,6142.047,Baseline,expression_indexes,Medium
query_7,29,5190.988,Baseline,expression_indexes,Medium
query_7,30,5951.42,Baseline,expression_indexes,Medium
query_1,1,133.293,Baseline,covering_indexes,Medium
query_1,2,131.817,Baseline,covering_indexes,Medium
query_1,3,131.732,Baseline,covering_indexes,Medium
query_1,4,130.036,Baseline,covering_indexes,Medium
query_1,5,131.732,Baseline,covering_indexes,Medium
query_1,6,130.337,Baseline,covering_indexes,Medium
query_1,7,130.839,Baseline,covering_indexes,Medium
query_1,8,132.48,Baseline,covering_indexes,Medium
query_1,9,131.187,Baseline,covering_indexes,Medium
query_1,10,132.558,Baseline,covering_indexes,Medium
query_1,11,131.647,Baseline,covering_indexes,Medium
query_1,12,131.095,Baseline,covering_indexes,Medium
query_1,13,132.481,Baseline,covering_indexes,Medium
query_1,14,131.852,Baseline,covering_indexes,Medium
query_1,15,133.827,Baseline,covering_indexes,Medium
query_1,16,129.982,Baseline,covering_indexes,Medium
query_1,17,132.847,Baseline,covering_indexes,Medium
query_1,18,132.287,Baseline,covering_indexes,Medium
query_1,19,131.824,Baseline,covering_indexes,Medium
query_1,20,130.527,Baseline,covering_indexes,Medium
query_1,21,132.456,Baseline,covering_indexes,Medium
query_1,22,129.615,Baseline,covering_indexes,Medium
query_1,23,133.915,Baseline,covering_indexes,Medium
query_1,24,130.434,Baseline,covering_indexes,Medium
query_1,25,133.441,Baseline,covering_indexes,Medium
query_1,26,130.278,Baseline,covering_indexes,Medium
query_1,27,131.596,Baseline,covering_indexes,Medium
query_1,28,134.014,Baseline,covering_indexes,Medium
query_1,29,130.34,Baseline,covering_indexes,Medium
query_1,30,129.729,Baseline,covering_indexes,Medium
query_2,1,7.491,Baseline,covering_indexes,Medium
query_2,2,7.926,Baseline,covering_indexes,Medium
query_2,3,7.439,Baseline,covering_indexes,Medium
query_2,4,7.732,Baseline,covering_indexes,Medium
query_2,5,7.965,Baseline,covering_indexes,Medium
query_2,6,7.493,Baseline,covering_indexes,Medium
query_2,7,7.673,Baseline,covering_indexes,Medium
query_2,8,7.419,Baseline,covering_indexes,Medium
query_2,9,7.349,Baseline,covering_indexes,Medium
query_2,10,7.593,Baseline,covering_indexes,Medium
query_2,11,7.68,Baseline,covering_indexes,Medium
query_2,12,7.42,Baseline,covering_indexes,Medium
query_2,13,7.707,Baseline,covering_indexes,Medium
query_2,14,7.516,Baseline,covering_indexes,Medium
query_2,15,7.804,Baseline,covering_indexes,Medium
query_2,16,7.47,Baseline,covering_indexes,Medium
query_2,17,7.686,Baseline,covering_indexes,Medium
query_2,18,7.498,Baseline,covering_indexes,Medium
query_2,19,7.527,Baseline,covering_indexes,Medium
query_2,20,8.036,Baseline,covering_indexes,Medium
query_2,21,7.483,Baseline,covering_indexes,Medium
query_2,22,7.45,Baseline,covering_indexes,Medium
query_2,23,7.982,Baseline,covering_indexes,Medium
query_2,24,7.766,Baseline,covering_indexes,Medium
query_2,25,7.729,Baseline,covering_indexes,Medium
query_2,26,7.68,Baseline,covering_indexes,Medium
query_2,27,7.686,Baseline,covering_indexes,Medium
query_2,28,7.723,Baseline,covering_indexes,Medium
query_2,29,7.707,Baseline,covering_indexes,Medium
query_2,30,7.895,Baseline,covering_indexes,Medium
query_3,1,20.82,Baseline,covering_indexes,Medium
query_3,2,20.424,Baseline,covering_indexes,Medium
query_3,3,20.582,Baseline,covering_indexes,Medium
query_3,4,20.308,Baseline,covering_indexes,Medium
query_3,5,21.235,Baseline,covering_indexes,Medium
query_3,6,20.429,Baseline,covering_indexes,Medium
query_3,7,20.199,Baseline,covering_indexes,Medium
query_3,8,20.223,Baseline,covering_indexes,Medium
query_3,9,20.752,Baseline,covering_indexes,Medium
query_3,10,20.786,Baseline,covering_indexes,Medium
query_3,11,20.295,Baseline,covering_indexes,Medium
query_3,12,20.476,Baseline,covering_indexes,Medium
query_3,13,20.258,Baseline,covering_indexes,Medium
query_3,14,20.609,Baseline,covering_indexes,Medium
query_3,15,20.807,Baseline,covering_indexes,Medium
query_3,16,20.343,Baseline,covering_indexes,Medium
query_3,17,20.455,Baseline,covering_indexes,Medium
query_3,18,21.09,Baseline,covering_indexes,Medium
query_3,19,20.274,Baseline,covering_indexes,Medium
query_3,20,21.044,Baseline,covering_indexes,Medium
query_3,21,21.099,Baseline,covering_indexes,Medium
query_3,22,20.455,Baseline,covering_indexes,Medium
query_3,23,20.782,Baseline,covering_indexes,Medium
query_3,24,20.433,Baseline,covering_indexes,Medium
query_3,25,20.353,Baseline,covering_indexes,Medium
query_3,26,20.214,Baseline,covering_indexes,Medium
query_3,27,20.765,Baseline,covering_indexes,Medium
query_3,28,20.307,Baseline,covering_indexes,Medium
query_3,29,20.365,Baseline,covering_indexes,Medium
query_3,30,21.426,Baseline,covering_indexes,Medium
query_4,1,219.366,Baseline,covering_indexes,Medium
query_4,2,216.989,Baseline,covering_indexes,Medium
query_4,3,214.287,Baseline,covering_indexes,Medium
query_4,4,227.971,Baseline,covering_indexes,Medium
query_4,5,215.631,Baseline,covering_indexes,Medium
query_4,6,214.82,Baseline,covering_indexes,Medium
query_4,7,216.022,Baseline,covering_indexes,Medium
query_4,8,213.25,Baseline,covering_indexes,Medium
query_4,9,216.352,Baseline,covering_indexes,Medium
query_4,10,228.334,Baseline,covering_indexes,Medium
query_4,11,213.649,Baseline,covering_indexes,Medium
query_4,12,217.399,Baseline,covering_indexes,Medium
query_4,13,216.569,Baseline,covering_indexes,Medium
query_4,14,218.241,Baseline,covering_indexes,Medium
query_4,15,216.667,Baseline,covering_indexes,Medium
query_4,16,217.831,Baseline,covering_indexes,Medium
query_4,17,217.141,Baseline,covering_indexes,Medium
query_4,18,219.182,Baseline,covering_indexes,Medium
query_4,19,218.302,Baseline,covering_indexes,Medium
query_4,20,218.695,Baseline,covering_indexes,Medium
query_4,21,220.036,Baseline,covering_indexes,Medium
query_4,22,218.574,Baseline,covering_indexes,Medium
query_4,23,216.54,Baseline,covering_indexes,Medium
query_4,24,218.52,Baseline,covering_indexes,Medium
query_4,25,216.784,Baseline,covering_indexes,Medium
query_4,26,214.592,Baseline,covering_indexes,Medium
query_4,27,217.399,Baseline,covering_indexes,Medium
query_4,28,219.31,Baseline,covering_indexes,Medium
query_4,29,217.657,Baseline,covering_indexes,Medium
query_4,30,218.457,Baseline,covering_indexes,Medium
query_5,1,8191.703,Baseline,covering_indexes,Medium
query_5,2,8080.009,Baseline,covering_indexes,Medium
query_5,3,8129.297,Baseline,covering_indexes,Medium
query_5,4,8129.326,Baseline,covering_indexes,Medium
query_5,5,8102.881,Baseline,covering_indexes,Medium
query_5,6,8126.657,Baseline,covering_indexes,Medium
query_5,7,8224.441,Baseline,covering_indexes,Medium
query_5,8,8173.372,Baseline,covering_indexes,Medium
query_5,9,8089.32,Baseline,covering_indexes,Medium
query_5,10,8165.195,Baseline,covering_indexes,Medium
query_5,11,8211.746,Baseline,covering_indexes,Medium
query_5,12,8078.382,Baseline,covering_indexes,Medium
query_5,13,8085.16,Baseline,covering_indexes,Medium
query_5,14,8058.054,Baseline,covering_indexes,Medium
query_5,15,8155.553,Baseline,covering_indexes,Medium
query_5,16,8113.549,Baseline,covering_indexes,Medium
query_5,17,8138.134,Baseline,covering_indexes,Medium
query_5,18,8101.359,Baseline,covering_indexes,Medium
query_5,19,8129.267,Baseline,covering_indexes,Medium
query_5,20,8083.737,Baseline,covering_indexes,Medium
query_5,21,8141.36,Baseline,covering_indexes,Medium
query_5,22,8142.367,Baseline,covering_indexes,Medium
query_5,23,8210.454,Baseline,covering_indexes,Medium
query_5,24,8233.655,Baseline,covering_indexes,Medium
query_5,25,8125.316,Baseline,covering_indexes,Medium
query_5,26,8260.275,Baseline,covering_indexes,Medium
query_5,27,8111,Baseline,covering_indexes,Medium
query_5,28,8129.297,Baseline,covering_indexes,Medium
query_5,29,8127.983,Baseline,covering_indexes,Medium
query_5,30,8192.19,Baseline,covering_indexes,Medium
query_6,1,6266.79,Baseline,covering_indexes,Medium
query_6,2,6277.911,Baseline,covering_indexes,Medium
query_6,3,6285.511,Baseline,covering_indexes,Medium
query_6,4,6291.056,Baseline,covering_indexes,Medium
query_6,5,6386.488,Baseline,covering_indexes,Medium
query_6,6,6275.356,Baseline,covering_indexes,Medium
query_6,7,6350.521,Baseline,covering_indexes,Medium
query_6,8,6382.558,Baseline,covering_indexes,Medium
query_6,9,6260.304,Baseline,covering_indexes,Medium
query_6,10,6245.046,Baseline,covering_indexes,Medium
query_6,11,6317.578,Baseline,covering_indexes,Medium
query_6,12,6448.23,Baseline,covering_indexes,Medium
query_6,13,6402.326,Baseline,covering_indexes,Medium
query_6,14,6481.602,Baseline,covering_indexes,Medium
query_6,15,6367.333,Baseline,covering_indexes,Medium
query_6,16,6465.865,Baseline,covering_indexes,Medium
query_6,17,6350.269,Baseline,covering_indexes,Medium
query_6,18,6394.615,Baseline,covering_indexes,Medium
query_6,19,6468.107,Baseline,covering_indexes,Medium
query_6,20,6350.269,Baseline,covering_indexes,Medium
query_6,21,6283.485,Baseline,covering_indexes,Medium
query_6,22,6389.231,Baseline,covering_indexes,Medium
query_6,23,6269.362,Baseline,covering_indexes,Medium
query_6,24,6353.012,Baseline,covering_indexes,Medium
query_6,25,6355.988,Baseline,covering_indexes,Medium
query_6,26,6324.114,Baseline,covering_indexes,Medium
query_6,27,6276.135,Baseline,covering_indexes,Medium
query_6,28,6350.016,Baseline,covering_indexes,Medium
query_6,29,6289.367,Baseline,covering_indexes,Medium
query_6,30,6506.452,Baseline,covering_indexes,Medium
query_7,1,700.841,Baseline,covering_indexes,Medium
query_7,2,701.318,Baseline,covering_indexes,Medium
query_7,3,722.334,Baseline,covering_indexes,Medium
query_7,4,688.335,Baseline,covering_indexes,Medium
query_7,5,707.256,Baseline,covering_indexes,Medium
query_7,6,698.261,Baseline,covering_indexes,Medium
query_7,7,713.65,Baseline,covering_indexes,Medium
query_7,8,719.355,Baseline,covering_indexes,Medium
query_7,9,708.49,Baseline,covering_indexes,Medium
query_7,10,696.455,Baseline,covering_indexes,Medium
query_7,11,697.842,Baseline,covering_indexes,Medium
query_7,12,705.704,Baseline,covering_indexes,Medium
query_7,13,698.861,Baseline,covering_indexes,Medium
query_7,14,698.081,Baseline,covering_indexes,Medium
query_7,15,693.481,Baseline,covering_indexes,Medium
query_7,16,700.364,Baseline,covering_indexes,Medium
query_7,17,695.32,Baseline,covering_indexes,Medium
query_7,18,695.926,Baseline,covering_indexes,Medium
query_7,19,706.493,Baseline,covering_indexes,Medium
query_7,20,697,Baseline,covering_indexes,Medium
query_7,21,696.737,Baseline,covering_indexes,Medium
query_7,22,692.009,Baseline,covering_indexes,Medium
query_7,23,697.605,Baseline,covering_indexes,Medium
query_7,24,700.157,Baseline,covering_indexes,Medium
query_7,25,717.016,Baseline,covering_indexes,Medium
query_7,26,704.843,Baseline,covering_indexes,Medium
query_7,27,700.841,Baseline,covering_indexes,Medium
query_7,28,721.38,Baseline,covering_indexes,Medium
query_7,29,704.982,Baseline,covering_indexes,Medium
query_7,30,706.297,Baseline,covering_indexes,Medium
